throughput,avg_latency,p99,thread
242817.0,53.19376666666667,78.8823,1
242817.0,53.19376666666667,78.8823,2
242817.0,53.19376666666667,78.8823,3
